Handle,Title,Body (HTML),Vendor,Type,Tags,Published,Option1 Name,Option1 Value,Variant Price,Variant Compare At Price,Variant SKU,Variant Grams,Variant Inventory Tracker,Variant Inventory Qty,Variant Inventory Policy,Variant Requires Shipping,Variant Taxable,Image Src,Status
naksh-circular-beaded-rakhi,Naksh Circular Beaded Rakhi Box,A premium gift box containing 4 circular beaded Rakhis/Lumbas in vibrant green orange and yellow colors.,Naksh Rakhi,Classic Rakhi,"Thread, Handmade, Beaded",true,Color,Kumkum Red,399.00,599.00,NK-CIRC-RED,30,,999,continue,true,true,https://raw.githubusercontent.com/mansimratpannu/rakshabandhan/main/assets/img_4901.jpg,active
naksh-tree-of-life-lumba-set,Naksh Tree of Life Bracelet Set,A beautiful set of 4 tree of life diamond-studded beaded bracelets on soft cushions.,Naksh Rakhi,Bhaiya-Bhabhi Set,"Lumba, Set, Premium",true,Style,Standard,799.00,1199.00,NK-BB-TREE,50,,999,continue,true,true,https://raw.githubusercontent.com/mansimratpannu/rakshabandhan/main/assets/img_4902.jpg,active
madhav-kids-spiderman-4pack-rakhi,Madhav Kids Spiderman 4-Pack Rakhi,A beautiful set of 4 Spiderman character wrist Rakhis presented in custom cartoon card packaging.,Madhav Rakhi,Kids Rakhi,"Kids, Cartoon, Spiderman",true,Style,Standard,299.00,499.00,NK-KD-SPID-4PK,25,,999,continue,true,true,https://raw.githubusercontent.com/mansimratpannu/rakshabandhan/main/assets/img_4903.jpg,active
naksh-kids-cartoon-rakhi,Naksh Kids Cartoon Character Rakhi,A cute colorful kids wrist rakhi featuring popular cartoon characters on soft adjustable straps.,Naksh Rakhi,Kids Rakhi,"Kids, Cartoon",true,Character,Cartoon Bear,149.00,249.00,NK-KD-BEAR,15,,999,continue,true,true,https://raw.githubusercontent.com/mansimratpannu/rakshabandhan/main/assets/img_4904.jpg,active
naksh-kids-spinner-spiderman-rakhi,Navrang Kids Spiderman Spinner Toy Box,A wholesale display box of 12 flashing Spiderman spinner toy Rakhis that kids will love.,Navrang Rakhi,Kids Rakhi,"Kids, Spinner, Toy",true,Box Size,Box of 12,1199.00,1799.00,NK-KD-SPIN12,300,,999,continue,true,true,https://raw.githubusercontent.com/mansimratpannu/rakshabandhan/main/assets/img_4905.jpg,active
naksh-traditional-thread-rakhi,Naksh Traditional Cotton Thread Rakhi,Hand-braided auspicious red and yellow cotton threads wrapped in standard retail cards.,Naksh Rakhi,Classic Rakhi,"Thread, Cotton, Traditional",true,Style,Standard,99.00,149.00,NK-TH-TRAD,10,,999,continue,true,true,https://raw.githubusercontent.com/mansimratpannu/rakshabandhan/main/assets/img_4906.jpg,active
naksh-beaded-lumba-rakhi,Naksh Colorful Beaded Lumba,An elegant hanging wrist lumba for bhabhi decorated with tassels and glass beads.,Naksh Rakhi,Lumba,"Lumba, Beaded",true,Color,Assorted,249.00,399.00,NK-LM-BEAD,25,,999,continue,true,true,https://raw.githubusercontent.com/mansimratpannu/rakshabandhan/main/assets/img_4907.jpg,active
naksh-silver-plated-om-rakhi,Naksh Silver Plated Om Rakhi,A sterling silver-plated Om emblem on a soft red silk threat with side beads.,Naksh Rakhi,Premium Rakhi,"Silver, Silk, Om",true,Style,Standard,499.00,699.00,NK-SLV-OM,20,,999,continue,true,true,https://raw.githubusercontent.com/mansimratpannu/rakshabandhan/main/assets/img_4908.jpg,active
naksh-zardosi-embroidered-rakhi,Naksh Premium Zardosi Embroidered Rakhi,Artisanal zardosi gold thread wire embroidery handcrafted by Rajasthan weavers.,Naksh Rakhi,Premium Rakhi,"Thread, Zardosi, Handmade",true,Design,Gold Peacock,349.00,499.00,NK-ZAR-PEA,20,,999,continue,true,true,https://raw.githubusercontent.com/mansimratpannu/rakshabandhan/main/assets/img_4909.jpg,active
naksh-rudraksha-diamond-rakhi,Naksh Rudraksha Bracelet with Diamond,Genuine Rudraksha beads strung on a gold-plated double wire with a sparkling central diamond cluster.,Naksh Rakhi,Premium Rakhi,"Rudraksha, Bracelet, Diamond",true,Style,Double Strand,599.00,899.00,NK-RUD-DIA,40,,999,continue,true,true,https://raw.githubusercontent.com/mansimratpannu/rakshabandhan/main/assets/img_4910.jpg,active
pristine-luxury-boxed-single-rakhi,Pristine Luxury Boxed Single Rakhi,A premium gold-plated single Rakhi presented on a plush red velvet cushion inside a golden-foiled gift box.,Pristine Rakhi,Classic Rakhi,"Thread, Handmade, Premium",true,Style,Standard,499.00,699.00,NK-PRIST-SINGLE,150,,999,continue,true,true,https://raw.githubusercontent.com/mansimratpannu/rakshabandhan/main/assets/img_4911.jpg,active
naksh-4pack-circular-gold-rakhi,Naksh 4-Pack Circular Gold Rakhi,A beautiful box containing 4 circular gold-plated center Rakhis featuring red floral designs on cards.,Naksh Rakhi,Classic Rakhi,"Thread, Handmade, Beaded",true,Style,Standard,699.00,999.00,NK-4PC-CIRC-GOLD,120,,999,continue,true,true,https://raw.githubusercontent.com/mansimratpannu/rakshabandhan/main/assets/img_4914.jpg,active
naksh-peacock-designer-lumba,Naksh Peacock Designer Hanging Lumba,A designer hanging wrist lumba adorned with teal peacock crystals and tasselled threads.,Naksh Rakhi,Lumba,"Lumba, Peacock, Crystals",true,Color,Classic Teal,329.00,499.00,NK-LM-TEAL,15,,999,continue,true,true,https://raw.githubusercontent.com/mansimratpannu/rakshabandhan/main/assets/img_4915.jpg,active
naksh-terracotta-ganesha-lumba,Naksh Terracotta Ganesha Hanging Lumba,A beautiful clay-baked terracotta Ganesha bead hanging lumba with colorful saffron tassels.,Naksh Rakhi,Lumba,"Lumba, Ganesha, Clay",true,Color,Saffron Orange,269.00,399.00,NK-LM-GANESH,25,,999,continue,true,true,https://raw.githubusercontent.com/mansimratpannu/rakshabandhan/main/assets/img_4916.jpg,active
veera-kids-pencil-character-rakhi,Veera Kids Pencil Character Rakhi,A fun and colourful kids pencil themed wrist Rakhi featuring a 'VEERA' center face design.,R.R. Rakhi,Kids Rakhi,"Kids, Cartoon, Veera",true,Style,Pencil Veera,149.00,249.00,NK-KD-VEERA-PENCIL,20,,999,continue,true,true,https://raw.githubusercontent.com/mansimratpannu/rakshabandhan/main/assets/img_4917.jpg,active
naksh-kids-led-mickey-rakhi,Naksh Kids LED Mickey Mouse Rakhi,Flashing multi-color LED lights inside a soft Mickey Mouse center face with elastic wristband.,Naksh Rakhi,Kids Rakhi,"Kids, LED, Mickey",true,Style,Mickey Face,179.00,249.00,NK-KD-MICKEY,20,,999,continue,true,true,https://raw.githubusercontent.com/mansimratpannu/rakshabandhan/main/assets/img_4918.jpg,active
roli-chawal-packet,Traditional Roli-Chawal Packet,A traditional set of Kumkum red roli powder and rice grains (chawal) in small auspicious paper bags for pooja ritual.,Naksh Rakhi,Pooja Element,"RoliChawal, Free",true,Size,Pack of 1,0.00,0.00,RC-PKT-FREE,5,,999,continue,true,true,https://images.unsplash.com/photo-1609137144813-2d5743c683b5?q=80&w=400,active
